gene,pvalue,padj,log2fc
IFIT1,0.000001,0.000006,1.80
CXCL10,0.000004,0.000012,2.25
LST1,0.018,0.036,0.62
NRXN1,0.41,0.49,-0.08
NRXN1_ALT,0.52,0.52,0.05
ACTB,0.33,0.49,0.03
