{
  "params": {
    "n_donors": [
      3,
      4,
      5,
      6,
      8,
      12
    ],
    "seeds": 20,
    "n_genes": 1500,
    "frac_de": 0.05,
    "donor_dispersion": 0.3,
    "cells_per_donor": 200,
    "out": "bench/metrics.json"
  },
  "overall": {
    "n_runs": 120,
    "never_pass_rate": 1.0,
    "blocker_rate": 0.8333333333333334,
    "flagged_rate": 0.8333333333333334,
    "abstain_rate": 0.16666666666666666,
    "false_accusation_rate": 0.0,
    "specificity": 1.0,
    "good_pass_rate": 0.6583333333333333,
    "mean_survival": 0.056709166666666665,
    "mean_good_survival": 0.9988783333333333,
    "good_survival_is_degenerate": false,
    "mean_powered_fraction": 0.9294366666666666,
    "percell_precision": 0.06802362177796908,
    "percell_recall": 0.9981111111111112,
    "pseudobulk_precision": 0.883482583208138,
    "pseudobulk_recall": 0.7341111111111112
  },
  "by_n_donors": {
    "3": {
      "n_runs": 20,
      "never_pass_rate": 1.0,
      "blocker_rate": 0.0,
      "flagged_rate": 0.0,
      "abstain_rate": 1.0,
      "false_accusation_rate": 0.0,
      "specificity": 1.0,
      "good_pass_rate": 0.0,
      "mean_survival": 0.029389999999999993,
      "mean_good_survival": 1.0,
      "good_survival_is_degenerate": true,
      "mean_powered_fraction": 0.6612150000000001,
      "percell_precision": 0.0674358015972411,
      "percell_recall": 0.9933333333333334,
      "pseudobulk_precision": 0.8790216355881008,
      "pseudobulk_recall": 0.3806666666666667
    },
    "4": {
      "n_runs": 20,
      "never_pass_rate": 1.0,
      "blocker_rate": 1.0,
      "flagged_rate": 1.0,
      "abstain_rate": 0.0,
      "false_accusation_rate": 0.0,
      "specificity": 1.0,
      "good_pass_rate": 0.25,
      "mean_survival": 0.04268000000000001,
      "mean_good_survival": 1.0,
      "good_survival_is_degenerate": true,
      "mean_powered_fraction": 0.9308799999999999,
      "percell_precision": 0.06781844535539167,
      "percell_recall": 0.9966666666666667,
      "pseudobulk_precision": 0.8864611197617205,
      "pseudobulk_recall": 0.554
    },
    "5": {
      "n_runs": 20,
      "never_pass_rate": 1.0,
      "blocker_rate": 1.0,
      "flagged_rate": 1.0,
      "abstain_rate": 0.0,
      "false_accusation_rate": 0.0,
      "specificity": 1.0,
      "good_pass_rate": 0.7,
      "mean_survival": 0.055979999999999995,
      "mean_good_survival": 1.0,
      "good_survival_is_degenerate": true,
      "mean_powered_fraction": 0.9913400000000001,
      "percell_precision": 0.06788541089651712,
      "percell_recall": 0.9986666666666666,
      "pseudobulk_precision": 0.8720598377616247,
      "pseudobulk_recall": 0.7173333333333333
    },
    "6": {
      "n_runs": 20,
      "never_pass_rate": 1.0,
      "blocker_rate": 1.0,
      "flagged_rate": 1.0,
      "abstain_rate": 0.0,
      "false_accusation_rate": 0.0,
      "specificity": 1.0,
      "good_pass_rate": 1.0,
      "mean_survival": 0.06465499999999999,
      "mean_good_survival": 0.9974999999999999,
      "good_survival_is_degenerate": false,
      "mean_powered_fraction": 0.993735,
      "percell_precision": 0.06826808557701311,
      "percell_recall": 1.0,
      "pseudobulk_precision": 0.8767885429640948,
      "pseudobulk_recall": 0.8273333333333334
    },
    "8": {
      "n_runs": 20,
      "never_pass_rate": 1.0,
      "blocker_rate": 1.0,
      "flagged_rate": 1.0,
      "abstain_rate": 0.0,
      "false_accusation_rate": 0.0,
      "specificity": 1.0,
      "good_pass_rate": 1.0,
      "mean_survival": 0.07095,
      "mean_good_survival": 0.998405,
      "good_survival_is_degenerate": false,
      "mean_powered_fraction": 0.9994499999999998,
      "percell_precision": 0.06809119316061658,
      "percell_recall": 1.0,
      "pseudobulk_precision": 0.8959818810910603,
      "pseudobulk_recall": 0.9326666666666666
    },
    "12": {
      "n_runs": 20,
      "never_pass_rate": 1.0,
      "blocker_rate": 1.0,
      "flagged_rate": 1.0,
      "abstain_rate": 0.0,
      "false_accusation_rate": 0.0,
      "specificity": 1.0,
      "good_pass_rate": 1.0,
      "mean_survival": 0.07660000000000003,
      "mean_good_survival": 0.997365,
      "good_survival_is_degenerate": false,
      "mean_powered_fraction": 1.0,
      "percell_precision": 0.06864279408103494,
      "percell_recall": 1.0,
      "pseudobulk_precision": 0.890582482082227,
      "pseudobulk_recall": 0.9926666666666669
    }
  },
  "seconds": 132.0
}
